Area_sqft,Bedrooms,Bathrooms,Age_years,Distance_km,Location_score,Parking,Price
903,5,3.4,18,4.5,9.9,3,8933190.0
3232,4,3.5,5,3.8,9.7,3,19600466.0
2826,3,2.5,8,7.7,9.3,3,17088101.0
2092,5,3.6,18,25.3,7.8,0,12858791.0
2072,1,1.1,28,5.2,6.5,2,11888428.0
3520,5,3.9,16,7.6,2.5,0,18800661.0
892,5,4.0,22,16.9,5.9,0,7722290.0
2971,3,2.0,21,7.2,7.9,1,17032544.0
1285,4,2.6,11,5.7,5.7,2,9289580.0
920,3,2.9,11,17.3,8.8,1,7566940.0
2390,2,1.6,17,11.7,2.0,3,12419147.0
3918,4,2.5,1,19.2,4.4,1,20498443.0
3102,2,2.0,28,27.5,5.6,2,15946232.0
3188,2,2.0,25,5.4,4.9,3,17533560.0
3040,3,1.8,12,27.5,2.0,3,15423649.0
3273,5,3.9,15,27.2,2.4,0,17037765.0
2345,2,2.1,13,25.0,8.5,2,13565981.0
1035,3,2.6,26,19.3,5.4,0,6891751.0
3455,1,1.4,31,19.0,1.4,2,16106789.0
2131,1,1.0,4,19.5,1.1,1,10275148.0
2301,1,1.3,16,21.0,5.3,3,12557616.0
1861,1,1.0,0,1.5,2.5,3,10661227.0
1220,5,3.5,18,28.8,7.3,3,8848923.0
3751,5,4.1,10,18.0,8.2,3,21783704.0
3258,5,4.4,13,23.7,3.1,1,17391078.0
2789,1,2.0,18,11.9,6.3,2,14855732.0
1968,1,1.7,13,1.4,2.4,0,10633164.0
3398,2,1.8,16,15.8,3.7,2,17356302.0
2455,3,2.6,31,15.7,9.0,0,14749198.0
2108,2,2.1,33,13.7,5.9,2,11831131.0
2132,3,2.5,0,10.9,9.0,3,14354485.0
1372,1,1.2,15,8.2,3.0,2,7963785.0
913,4,3.5,34,16.3,4.0,3,6326236.0
2486,2,1.8,21,11.9,5.2,0,13124708.0
3619,1,1.0,8,29.1,5.3,3,18461640.0
817,4,2.9,24,6.0,10.0,2,8662496.0
3519,5,4.0,5,10.3,2.0,2,18925727.0
3414,1,1.2,0,9.5,8.7,3,19564427.0
1541,3,2.6,25,16.8,8.8,2,10870652.0
2748,5,4.1,21,15.5,6.0,1,16147407.0
1161,4,2.9,31,19.7,4.1,2,7280172.0
3178,5,4.1,14,28.6,5.7,2,18039857.0
2982,3,2.6,35,9.3,3.6,3,15797575.0
1805,2,1.2,17,21.1,8.2,1,10923540.0
830,4,3.7,30,1.7,5.5,2,7123432.0
3901,1,1.0,4,8.6,9.3,2,21429696.0
2115,2,1.1,3,14.4,6.6,0,11944735.0
3637,4,2.6,32,1.9,5.6,0,19620918.0
2905,4,2.6,34,18.9,7.4,0,15814607.0
3247,1,1.2,38,20.7,5.5,2,16253652.0
3184,3,2.3,13,22.7,9.1,1,17852095.0
1261,2,1.6,0,16.0,2.7,3,7688395.0
1837,3,2.7,40,18.5,9.8,2,11684773.0
2187,5,3.9,24,12.5,8.3,0,14000693.0
2292,1,1.3,10,2.2,8.7,0,14404345.0
748,5,3.9,31,3.9,5.3,1,7248765.0
2458,3,2.7,37,20.0,8.5,3,14470620.0
1124,4,2.2,11,29.9,3.8,0,6973176.0
3128,3,2.3,31,1.5,7.9,0,17837550.0
2923,2,1.0,32,17.2,2.3,0,14229993.0
3737,4,3.1,20,22.8,3.8,1,18896045.0
3132,4,3.1,25,25.0,5.0,3,16714640.0
1846,1,1.6,11,16.8,3.9,2,9751510.0
3890,4,3.6,38,19.0,4.5,1,20144776.0
1997,4,3.2,40,21.2,8.4,0,12720756.0
1708,2,1.6,40,25.9,3.3,1,8559521.0
3679,5,4.0,30,4.5,7.7,2,20396747.0
1859,4,2.9,1,27.9,1.7,1,10364223.0
859,2,1.8,15,1.8,7.9,2,7406478.0
2196,1,1.6,18,25.2,8.1,3,12518163.0
3306,4,2.8,39,3.2,4.6,0,17663644.0
1244,2,2.2,22,6.6,7.5,1,8996639.0
2174,4,3.4,21,1.1,9.2,0,14290473.0
1041,3,2.0,6,13.9,8.2,2,8383599.0
2934,3,2.9,32,10.7,4.5,1,15660959.0
2217,1,1.5,13,5.8,5.4,1,12450134.0
1722,4,3.1,3,14.1,8.0,0,11607191.0
1371,1,1.0,40,12.7,3.6,0,7071859.0
2519,3,2.1,7,23.3,8.2,1,14865898.0
2878,5,3.5,0,26.9,4.0,2,15919974.0
3797,5,4.0,3,19.9,8.3,0,21160623.0
2086,5,3.3,18,4.6,1.8,0,12142266.0
1146,5,3.9,4,9.6,1.4,1,7233297.0
3431,3,1.9,34,27.5,10.0,2,18612409.0
2741,2,1.7,21,3.6,8.8,1,15906450.0
2981,5,3.8,13,12.8,8.9,1,18127545.0
930,5,4.5,0,28.3,9.6,0,9039915.0
1662,5,3.1,19,28.6,4.9,2,10466691.0
3211,4,3.8,6,12.9,3.6,3,17507899.0
3430,1,1.2,40,20.4,2.2,3,16197646.0
2080,3,2.6,11,14.2,5.5,2,12489955.0
3337,3,2.5,19,22.9,3.0,2,16414115.0
3462,5,4.0,0,1.9,9.4,1,21597635.0
1917,2,1.7,5,5.2,1.0,0,9859806.0
3654,2,2.5,8,18.8,2.3,1,18278874.0
1580,1,1.0,2,7.7,3.2,2,9263990.0
1414,5,4.3,29,20.3,2.8,2,8878409.0
2921,4,2.8,38,11.2,3.0,3,15182856.0
2765,1,1.1,40,26.7,6.9,3,14429813.0
1075,3,2.0,10,24.8,3.9,0,6369408.0
3432,3,2.7,32,15.3,6.5,0,18153043.0
1279,3,3.1,20,23.4,9.0,1,9260531.0
3337,5,3.7,1,8.9,6.4,3,19328676.0
625,1,1.1,3,15.3,7.3,3,6033187.0
3310,2,1.3,22,6.7,4.3,0,17220870.0
3276,1,1.0,17,26.0,2.4,0,15322186.0
3254,2,1.1,0,24.9,3.9,2,16751670.0
2861,5,3.3,38,27.2,9.7,2,16713935.0
2203,5,3.9,29,26.4,6.6,3,13053317.0
2998,1,1.7,20,28.8,3.5,3,14703512.0
1542,4,4.4,40,7.6,5.1,0,9868129.0
3255,2,1.5,39,28.0,8.5,0,16720335.0
2489,1,1.8,39,17.6,7.0,2,13543621.0
2160,2,1.9,10,13.3,6.0,2,12708162.0
2319,1,1.1,36,17.3,9.0,3,12865338.0
2534,3,2.6,20,10.9,7.1,2,14468619.0
726,5,3.8,29,9.4,6.8,2,7276171.0
1075,3,2.5,35,8.0,2.7,1,6448678.0
1434,4,2.9,6,3.4,2.0,0,9122510.0
989,3,1.8,18,15.4,9.7,3,8680733.0
2095,1,1.0,5,26.7,6.4,3,11485262.0
2873,1,1.4,11,19.3,4.7,0,14398116.0
2825,2,1.7,16,16.1,6.3,2,15870608.0
2202,2,1.5,35,13.4,1.6,1,10862893.0
3508,5,3.8,35,14.5,8.4,1,19663690.0
2522,5,4.1,15,7.1,2.9,3,14402015.0
869,5,3.8,13,24.9,8.2,3,8005390.0
3201,4,2.8,21,6.8,5.8,0,17366857.0
2554,3,3.0,37,21.8,3.5,1,13366853.0
2758,4,3.8,40,23.0,1.3,3,13661812.0
2522,3,2.7,9,17.7,8.3,3,15579884.0
2482,4,3.5,7,26.0,2.6,0,13179843.0
908,4,3.7,28,9.4,1.5,3,6045162.0
2501,4,3.6,12,26.6,7.8,1,14802925.0
3303,4,3.4,8,22.2,4.2,2,17064458.0
1633,1,1.4,1,24.2,4.5,0,9129308.0
2650,4,3.3,16,20.3,3.2,2,14304970.0
704,2,1.3,16,25.5,8.7,2,6404686.0
1781,4,3.4,23,29.8,3.7,2,9653924.0
2085,3,1.8,8,13.2,2.9,3,11964967.0
3942,5,3.4,29,24.6,3.8,3,20405150.0
1329,2,2.4,27,22.6,2.8,3,7778511.0
1540,5,4.1,18,14.1,3.9,2,10102320.0
1989,5,4.4,7,27.9,1.7,3,11653474.0
3976,2,1.7,20,12.4,2.4,2,19135189.0
3502,3,1.9,27,17.4,4.8,2,18169262.0
717,3,2.3,15,4.1,8.9,2,7325209.0
1395,4,3.1,10,7.5,1.5,3,8397150.0
3394,4,3.1,20,25.4,2.9,0,16827965.0
798,5,4.3,14,12.5,9.2,2,8561883.0
3510,2,1.6,16,12.4,9.0,1,19152925.0
1556,3,2.6,14,8.1,7.1,3,10894518.0
3720,3,2.0,12,15.3,3.2,0,18288441.0
1598,5,4.0,29,24.4,4.8,2,9487226.0
2077,2,1.8,18,27.0,2.9,0,10828597.0
2851,3,2.1,19,3.0,2.2,3,15327450.0
1029,1,1.0,26,17.7,4.4,3,5996676.0
2494,5,3.7,14,14.6,6.2,0,14888250.0
2317,2,1.7,4,18.8,4.2,3,13050377.0
3266,2,2.6,34,14.0,6.5,1,17413800.0
3987,3,2.4,2,12.6,3.7,3,20813556.0
2859,3,2.3,23,14.7,4.1,2,15443789.0
1991,5,2.8,10,17.9,8.1,0,12760322.0
1982,3,2.0,8,15.5,8.9,0,12718295.0
2021,3,2.3,1,14.7,3.9,1,11728538.0
3368,1,1.0,36,24.7,6.1,0,16491309.0
1692,1,1.8,17,22.6,3.5,0,8831549.0
1167,2,1.7,14,10.9,1.5,3,6885217.0
1736,5,4.3,30,24.2,7.6,3,11638602.0
677,5,3.8,1,25.8,2.5,1,5349393.0
960,4,3.1,23,5.5,4.8,0,7556949.0
906,4,3.1,20,17.9,5.4,0,6681404.0
3224,2,1.8,22,9.3,2.7,3,16333942.0
3056,1,1.9,5,22.4,1.9,1,14899180.0
2969,1,1.0,39,7.9,4.1,0,14775526.0
2170,2,1.0,9,20.5,9.6,1,12699724.0
3038,2,1.6,27,8.4,6.5,1,16605727.0
1148,1,1.2,30,15.8,4.4,2,6563752.0
3663,2,2.1,14,28.5,1.4,1,17677991.0
2304,1,1.4,5,12.1,6.4,3,13234959.0
3790,4,2.9,12,26.4,1.8,2,18819789.0
1118,5,4.2,33,29.6,5.9,3,8537447.0
2291,4,3.6,37,26.4,7.8,1,13352165.0
2968,3,2.5,38,5.8,4.8,2,16211712.0
2285,3,2.9,9,24.8,3.7,1,12491261.0
2117,2,1.9,24,1.9,1.4,2,11270855.0
1165,1,1.0,6,12.4,1.2,2,6463990.0
1895,3,2.8,29,26.3,4.9,1,10780963.0
1412,3,2.5,17,21.0,9.0,3,10008617.0
1625,1,1.2,29,16.4,3.2,3,8364488.0
2925,3,3.1,28,12.2,6.2,3,16204856.0
2743,2,1.0,40,24.6,7.2,0,14197428.0
2665,1,1.0,20,21.6,1.5,2,12601295.0
1830,4,2.6,14,14.6,2.4,0,10483569.0
3863,3,2.3,21,26.9,4.0,0,19421183.0
898,4,3.0,6,7.7,7.0,3,8035540.0
1765,4,2.4,4,5.9,5.0,0,11084513.0
1001,5,3.3,21,19.6,7.6,3,8072440.0
1752,5,3.4,33,29.2,8.8,1,11923593.0
3871,4,4.2,21,8.2,7.8,1,21746667.0
1845,5,4.5,32,8.2,9.9,0,13226451.0
3690,3,2.3,7,5.0,7.8,2,20375948.0
2283,5,3.6,18,26.0,8.7,2,14357208.0
2979,4,2.6,25,7.6,8.5,1,17526812.0
2155,4,2.2,14,15.6,7.6,3,13400311.0
1504,5,3.7,0,29.7,8.2,1,11172426.0
3199,3,2.0,3,1.4,9.4,2,19698458.0
3896,4,3.1,38,17.1,5.3,1,19835734.0
1496,2,1.1,24,15.9,6.7,2,9016978.0
3248,5,3.4,10,24.4,5.6,0,17552561.0
1488,4,3.2,10,11.3,8.7,1,11502050.0
3038,4,3.3,1,12.9,4.9,2,17453089.0
3283,3,2.6,38,5.9,8.4,2,18387118.0
2128,5,3.2,4,22.5,8.2,1,13759640.0
3106,1,1.5,31,23.8,9.7,2,16702864.0
1525,1,1.0,9,5.0,3.2,2,9082007.0
869,3,2.7,13,12.4,7.4,1,7420525.0
927,4,3.1,11,26.9,7.8,0,7557981.0
2120,5,3.1,33,1.1,9.4,2,14402697.0
3669,3,2.3,1,9.7,9.2,3,21047001.0
1033,4,3.3,14,17.1,6.2,3,8158259.0
2150,3,2.7,11,10.7,6.2,2,13116144.0
2994,5,3.7,11,8.9,2.5,3,16763339.0
1288,4,3.8,7,14.3,9.8,3,11233123.0
3054,3,2.9,37,6.3,3.3,2,16089872.0
1640,5,3.6,15,16.4,7.5,0,11526829.0
3350,1,1.5,17,21.5,8.2,2,17893536.0
2569,5,4.5,15,17.7,5.0,2,14939051.0
2460,1,2.0,40,3.7,2.9,1,12663997.0
1201,2,1.2,13,25.5,2.7,3,6808810.0
2175,5,3.3,14,6.1,8.7,3,14315343.0
3513,4,3.8,13,23.2,5.6,1,18868483.0
666,5,3.3,13,11.5,1.8,1,5442776.0
3179,4,2.5,3,23.7,7.5,0,17677386.0
2275,4,2.9,24,7.0,3.3,0,13069934.0
3046,2,2.0,1,6.4,8.9,1,18000960.0
2855,1,1.1,9,15.4,3.8,1,14938794.0
2069,1,1.0,8,2.0,2.8,1,11290356.0
1649,2,1.5,11,7.5,1.8,0,9011347.0
2733,1,1.0,31,22.0,5.6,1,13612351.0
1076,3,2.1,24,25.3,5.1,2,7006482.0
2586,4,4.1,40,3.3,7.8,1,15619763.0
922,5,3.9,14,26.6,5.2,2,6983222.0
2810,3,2.8,38,24.1,4.1,1,14190618.0
2738,5,3.5,1,26.2,3.4,2,15076179.0
887,5,3.7,20,21.3,3.5,2,6764370.0
3176,5,3.4,32,20.6,9.4,3,18622338.0
2014,3,1.3,21,16.2,2.5,0,10303670.0
3276,2,1.2,38,19.9,9.9,3,18026717.0
741,5,2.9,12,27.7,3.9,1,5740480.0
1210,2,1.0,1,3.9,1.8,0,6519095.0
2280,3,1.9,31,10.2,3.2,2,12054824.0
1240,1,1.7,2,3.1,1.5,0,7552247.0
1721,4,3.1,31,28.4,8.1,0,10373049.0
2846,4,3.7,30,13.9,5.6,3,16083673.0
1091,1,1.3,34,20.6,4.0,0,6341815.0
2904,2,2.2,19,25.4,7.0,2,15560847.0
951,3,2.0,36,29.7,6.7,0,6298537.0
1195,3,2.7,6,5.7,9.5,0,9584996.0
2598,5,4.1,17,24.2,9.7,0,16511808.0
3298,2,1.5,4,26.7,7.1,0,17462667.0
1180,5,4.0,31,2.4,8.4,1,9865657.0
1620,3,2.7,29,22.9,8.1,1,10724075.0
3746,5,3.5,33,11.3,5.4,0,20095870.0
3965,2,1.3,31,19.8,7.3,1,20013593.0
2576,1,1.0,12,15.9,1.7,1,12439681.0
2120,1,1.2,2,8.5,7.8,2,13122233.0
1779,2,1.9,38,4.9,9.7,3,11656970.0
2682,5,3.4,20,4.4,1.8,2,14215689.0
2609,1,1.2,3,4.0,8.5,3,15621190.0
1602,2,2.1,38,19.5,9.4,0,9825447.0
677,1,1.4,40,11.2,3.0,0,4408570.0
1115,5,4.4,18,7.3,5.7,3,9190197.0
3860,4,3.7,31,21.1,9.4,1,21078206.0
2022,4,2.6,1,20.9,9.6,3,13490842.0
2240,4,3.9,3,16.6,2.2,1,12205651.0
2188,4,2.9,11,28.1,4.1,0,11820635.0
3262,4,3.6,26,12.2,7.3,3,18814081.0
820,1,1.2,5,25.2,3.0,2,5615947.0
881,5,3.6,1,3.2,3.9,3,8052099.0
1538,4,2.3,27,22.5,1.2,1,8061489.0
2255,4,3.0,31,29.7,2.4,0,11308010.0
2882,2,1.1,30,25.6,6.1,2,14618876.0
2268,5,4.2,32,17.8,6.9,0,14213941.0
2100,2,2.5,32,19.2,6.8,2,12031813.0
3789,1,1.0,24,11.2,8.0,1,20379407.0
1147,5,3.9,21,20.7,4.7,3,8678380.0
2544,2,1.5,35,23.3,3.5,3,12282301.0
2444,1,1.0,14,29.9,1.1,1,11127012.0
2210,4,3.4,4,15.3,2.9,3,12664239.0
3346,2,1.8,30,2.8,3.8,0,17029038.0
1507,5,4.5,11,18.3,2.6,0,9488921.0
3843,3,2.2,40,4.5,1.2,3,19525060.0
1727,1,1.6,16,8.1,2.4,2,9146693.0
2453,5,3.8,34,10.5,7.0,1,14820242.0
2370,3,2.8,1,22.2,6.7,0,14070127.0
3490,2,1.6,27,6.3,9.4,1,19360107.0
2092,4,3.1,18,5.8,8.2,2,13777545.0
1567,3,2.4,18,2.3,6.1,3,10353798.0
673,1,1.0,10,26.3,2.2,3,4074622.0
1836,4,3.4,39,21.1,6.1,1,11083350.0
3410,3,2.7,16,2.2,1.6,1,17582900.0
633,4,3.4,34,1.8,4.9,0,6020050.0
3647,5,4.4,17,17.2,4.5,0,19938652.0
2446,4,3.8,1,9.2,4.9,1,14927242.0
1076,4,2.9,36,18.3,3.5,2,6902324.0
1627,2,2.0,7,13.6,7.2,0,10218560.0
2484,2,1.5,11,27.8,8.6,1,14017999.0
1673,3,2.5,35,9.3,7.9,2,10893092.0
969,5,3.5,36,20.7,6.6,3,7732086.0
2865,3,3.2,37,2.6,5.8,3,16017917.0
2886,2,2.0,17,28.7,1.3,1,13514567.0
1004,4,3.0,31,29.4,7.5,1,7119950.0
1556,5,4.3,13,22.4,5.9,3,10334206.0
1429,5,2.8,30,14.5,3.4,2,8804262.0
2842,2,1.0,20,7.4,4.0,1,14422584.0
3083,4,3.5,2,24.6,9.4,2,18113369.0
3072,3,2.5,17,22.4,6.6,0,16512525.0
3792,3,2.6,19,7.4,5.3,1,19723021.0
3214,2,1.2,10,14.1,6.6,1,17374438.0
1690,1,1.1,15,14.4,4.7,3,9891056.0
966,2,2.7,20,25.0,5.2,0,6289643.0
2690,3,2.8,2,20.8,3.6,3,14613743.0
3715,5,3.8,6,19.7,5.0,1,20270357.0
3916,5,3.6,31,19.8,7.2,0,20828501.0
1382,1,1.0,14,8.8,1.4,2,7237317.0
1404,4,2.1,24,11.8,8.2,2,10361125.0
727,1,1.3,23,2.3,3.5,0,5261047.0
1080,4,3.5,22,23.8,7.1,0,8218388.0
2487,2,1.1,16,13.6,6.8,0,14069911.0
2459,3,2.2,19,13.7,6.9,1,13723680.0
1861,4,2.6,33,8.1,6.5,0,11823459.0
1654,3,2.0,39,7.1,9.6,2,11334516.0
3422,5,3.8,10,18.0,5.6,0,19131695.0
2164,3,1.5,27,7.7,7.6,3,13236290.0
3348,5,4.0,39,2.9,7.3,3,19278731.0
3875,4,3.4,0,23.3,3.1,2,20033173.0
1678,2,1.7,32,11.9,3.5,3,9427286.0
1289,4,2.0,20,12.0,4.8,3,8592563.0
3840,3,2.0,39,13.5,3.5,0,19056469.0
2759,3,3.0,23,24.6,4.3,1,14121886.0
1589,1,1.0,34,10.3,4.5,3,8756606.0
2714,1,1.0,6,23.0,6.4,1,15027206.0
2351,3,1.9,5,28.2,3.0,2,12220980.0
3679,1,1.5,37,20.2,8.2,3,19059829.0
1470,5,3.4,21,13.5,4.9,3,9749855.0
3971,5,3.9,22,22.7,7.4,1,21659961.0
3783,4,3.4,6,14.3,1.7,1,19176934.0
1214,4,3.9,9,13.0,5.2,0,8818597.0
1159,3,2.4,33,16.2,1.3,1,6554717.0
2413,1,1.3,12,10.2,7.1,1,13587809.0
752,2,1.1,23,4.0,4.1,1,5690153.0
1616,3,3.0,12,13.0,9.5,1,11788557.0
2079,5,3.4,10,4.6,3.9,3,13228239.0
3896,2,1.5,6,12.9,6.1,3,20618635.0
3975,3,2.4,38,17.2,3.3,2,20369815.0
1115,2,1.1,38,28.0,6.6,0,6880133.0
3632,1,1.3,4,2.1,5.2,1,19218719.0
909,1,1.6,14,19.0,4.3,2,5748519.0
3146,2,1.9,23,14.3,2.8,0,15601235.0
3476,1,1.0,15,1.6,2.0,1,17532582.0
3629,1,1.1,29,8.2,2.1,2,17897884.0
1359,2,2.1,10,4.4,10.0,3,11066082.0
3638,2,1.0,2,7.3,4.7,3,19357798.0
994,3,2.0,13,9.0,1.0,1,5788085.0
2364,1,1.5,24,12.6,9.6,1,14115790.0
2196,2,1.9,7,16.3,1.2,1,10932149.0
1674,3,2.6,33,1.0,4.8,2,10010132.0
675,5,4.5,0,5.7,7.5,1,8062790.0
3225,4,3.3,2,3.7,9.2,1,19664800.0
1741,5,4.0,20,16.9,7.4,0,11948844.0
2850,2,3.0,21,10.5,5.2,1,15679784.0
1995,3,2.4,12,16.9,9.8,0,13134896.0
1870,3,2.1,10,7.4,1.4,2,10154837.0
3614,5,3.9,2,1.7,9.9,3,22048256.0
921,5,3.9,27,28.3,8.6,3,7708221.0
3105,5,3.5,15,4.1,9.4,1,18483158.0
3139,4,2.6,4,4.7,3.3,3,17488161.0
1892,3,3.5,16,5.2,2.3,3,10966719.0
1492,3,2.6,38,29.5,7.0,1,9243625.0
618,5,3.4,10,18.9,5.6,3,6676587.0
3786,2,2.2,36,18.7,5.7,1,18945671.0
3823,2,1.8,10,29.6,9.3,3,20765078.0
1419,5,3.6,7,3.6,6.6,1,10610211.0
708,2,2.1,10,29.3,3.8,1,4394030.0
1017,2,1.2,13,6.9,4.6,0,6919827.0
830,3,2.6,4,19.1,2.2,3,5780782.0
3426,2,2.7,24,13.2,2.7,1,17051978.0
3633,5,4.0,13,12.1,2.3,3,19792836.0
1121,5,3.6,29,28.0,8.3,0,8135036.0
3139,2,1.6,20,5.3,7.3,2,17525718.0
1209,3,2.3,18,29.9,5.8,1,7494298.0
1848,5,3.6,19,12.0,4.4,1,11715065.0
2638,4,2.9,6,19.8,7.0,0,15465608.0
3048,2,2.2,29,29.1,8.3,0,16354336.0
3574,3,1.7,4,2.7,8.9,1,20189278.0
752,4,3.5,29,27.8,5.9,1,5836603.0
1268,4,2.9,40,17.5,8.4,3,9480313.0
1554,1,1.3,31,21.4,5.6,1,9079699.0
1655,2,1.3,18,5.3,5.3,0,10061077.0
3994,5,4.3,12,16.5,8.8,1,22412145.0
3243,2,2.4,35,20.5,4.5,2,16480735.0
1689,2,2.2,10,14.2,4.6,1,10670368.0
3905,2,1.1,19,5.5,3.7,3,19802606.0
2298,1,1.5,31,8.1,5.7,1,12895960.0
2303,1,1.3,37,25.8,5.9,2,11716418.0
2075,2,1.1,37,2.0,6.9,0,11947978.0
1089,5,3.7,3,21.6,4.9,0,8328391.0
3777,1,1.3,36,30.0,3.0,3,17728832.0
647,2,2.1,4,1.2,8.8,1,7004903.0
1192,1,1.2,23,5.7,4.1,1,7056121.0
1381,3,2.6,38,20.6,9.3,2,9864571.0
1549,2,2.5,26,2.7,2.9,0,9256888.0
1048,4,3.7,38,18.1,6.0,2,8049536.0
661,3,1.2,14,20.8,5.8,1,5859483.0
2904,4,3.0,12,18.1,8.5,0,17024155.0
3896,4,3.0,13,11.6,2.2,1,19782200.0
1014,3,1.7,14,21.2,9.2,1,8465748.0
1608,5,3.8,27,18.2,5.8,0,10573267.0
2322,3,3.0,18,7.0,6.3,2,13722386.0
3754,5,3.3,30,17.3,5.6,2,19754091.0
2961,5,3.9,17,26.6,1.3,1,15297483.0
3205,3,2.0,12,20.3,5.5,3,17163681.0
2576,4,2.8,7,14.7,3.4,2,14336893.0
2018,2,2.5,22,10.3,4.1,3,11789633.0
1279,5,3.5,36,3.5,6.8,0,9645759.0
3539,4,3.3,35,8.1,5.5,3,19469468.0
3334,5,2.9,10,1.3,1.8,1,17309616.0
685,2,2.6,19,29.6,1.7,2,4191849.0
3033,4,3.4,28,7.5,2.7,3,16393672.0
887,3,2.4,25,24.6,2.7,1,5038854.0
3113,1,1.4,2,5.9,6.5,1,16964276.0
3409,1,1.0,24,9.2,2.6,0,16290379.0
1045,3,3.0,1,13.1,8.9,2,9167425.0
2075,2,1.7,4,10.4,2.9,3,12017463.0
1020,1,1.1,26,24.2,1.8,1,5561647.0
2529,3,2.2,4,28.8,8.9,0,14640928.0
3754,4,2.8,13,26.4,3.7,1,19234639.0
875,2,2.1,24,5.5,4.8,1,6571699.0
1952,5,3.9,26,23.5,9.6,3,13311406.0
3909,4,3.4,18,5.3,9.5,0,22328745.0
1623,3,2.4,3,27.5,7.4,1,10600936.0
1049,5,4.0,32,16.0,1.6,2,7238393.0
2261,3,2.3,38,10.8,6.3,0,13041117.0
2328,1,2.2,36,5.6,9.9,3,13992962.0
2854,1,1.0,30,1.3,9.5,3,16686430.0
1667,5,4.3,16,8.2,2.0,1,10550593.0
3850,5,4.4,35,27.5,4.6,2,20031242.0
2371,4,2.7,20,24.1,3.8,3,13273856.0
1574,1,2.2,5,29.1,2.2,2,8371519.0
3865,2,2.2,34,3.9,7.3,0,20458117.0
3745,1,1.6,13,18.2,3.5,0,18389810.0
2297,1,1.2,38,8.5,4.1,1,11298439.0
684,2,1.7,15,16.7,1.8,0,4268400.0
2630,3,2.4,35,10.3,5.5,1,14217437.0
2488,1,1.3,22,9.2,2.4,2,12298388.0
1104,5,4.4,19,17.6,4.9,2,8742505.0
2756,3,2.5,12,6.3,2.3,0,14698552.0
3459,2,1.4,34,14.6,9.6,0,18689042.0
960,3,2.8,2,19.9,2.3,0,6168299.0
3060,4,3.5,19,4.7,5.7,1,17456542.0
1077,2,2.1,15,28.0,2.8,3,6579359.0
3146,1,1.5,22,15.7,1.7,1,14871759.0
2025,1,1.0,10,24.8,2.8,1,10183293.0
622,5,3.3,27,20.0,1.5,2,4877017.0
3886,1,1.0,15,21.6,2.3,0,17837000.0
1164,4,2.4,7,21.8,5.4,0,8046608.0
2627,2,1.9,8,26.4,6.9,0,14319177.0
1217,4,3.1,28,18.8,1.8,2,7184043.0
3773,1,1.0,10,9.1,5.0,1,19134593.0
3111,5,2.4,12,3.9,6.2,2,17973406.0
3335,4,2.5,25,18.6,3.1,2,17542407.0
2069,3,3.0,13,2.9,4.3,1,12312019.0
2189,2,1.5,15,8.0,1.6,3,11598428.0
2757,5,3.9,10,2.8,3.0,3,16432187.0
3268,2,1.2,14,16.9,5.2,0,16688996.0
3480,3,3.1,28,5.6,9.9,3,20656669.0
660,2,1.7,21,18.7,10.0,0,6439831.0
2856,2,1.9,40,23.9,9.8,0,16155974.0
971,3,3.5,31,24.8,4.8,2,6842050.0
1579,1,1.8,0,10.0,1.7,0,8772277.0
3420,1,1.0,15,16.9,3.9,1,16942092.0
1451,2,1.5,11,17.3,3.1,0,7990990.0
3309,1,1.0,24,14.7,1.1,1,15516948.0
2174,3,2.7,10,20.0,1.9,3,11942340.0
1391,5,3.7,39,7.1,5.1,3,9574722.0
1736,1,1.0,12,29.4,4.1,0,8899844.0
2405,1,1.8,21,3.8,2.6,2,12554804.0
3202,1,1.1,5,25.0,7.4,1,17237119.0
2661,3,3.5,37,18.2,4.2,1,14394790.0
3773,2,1.8,37,8.1,8.7,2,20114212.0
3551,3,3.3,32,22.6,3.2,3,17712353.0
3162,1,1.3,14,3.4,5.8,1,17031840.0
2651,2,2.2,2,23.5,2.7,0,13964883.0
1585,3,2.1,29,18.1,5.5,3,9932498.0
2003,3,2.1,17,4.2,2.4,3,11034537.0
1004,3,2.7,40,3.3,2.5,1,6311481.0
1872,4,3.5,28,22.8,6.5,2,11302349.0
3750,3,2.5,22,9.5,3.4,3,19246622.0
2048,5,3.2,40,26.8,2.6,2,11259102.0
986,3,1.8,32,23.1,9.4,1,7268850.0
2817,2,1.2,18,21.2,1.4,3,13283784.0
3873,2,1.0,0,9.1,6.1,3,20412861.0
3550,2,1.8,3,21.6,5.9,2,18784828.0
1532,3,3.0,18,28.5,3.3,0,8735689.0
2143,2,1.8,23,3.7,5.1,1,12347362.0
2405,5,2.7,1,10.5,1.8,2,13821921.0
1442,3,2.4,5,7.8,7.5,1,9945229.0
1513,5,3.7,28,12.4,3.0,2,9760584.0
1404,4,4.0,30,22.5,2.7,2,8302476.0
3982,2,1.1,1,14.8,3.8,0,20136874.0
3137,2,1.6,20,17.6,9.1,2,17199644.0
3459,4,3.9,3,10.1,8.2,2,20282239.0
3377,2,2.0,29,5.1,9.5,0,18949068.0
3862,2,2.1,34,8.7,6.9,2,20550438.0
958,5,3.8,35,25.9,7.0,2,7168186.0
3598,3,2.6,24,18.5,5.3,0,18603188.0
826,1,1.5,25,12.0,9.1,2,6740691.0
2216,3,2.1,37,23.9,5.6,1,12082874.0
2621,3,2.8,25,2.9,4.2,1,14727304.0
1817,5,3.1,18,8.4,6.8,2,12503293.0
1097,4,3.2,30,7.7,5.9,0,7963243.0
1254,1,1.2,24,29.6,2.1,0,6220807.0
3404,1,1.0,34,21.5,4.5,1,16827725.0
1683,4,3.1,21,18.9,3.8,3,9744188.0
1655,1,1.0,35,1.1,8.6,0,10602086.0
3740,2,1.3,1,6.3,4.4,3,19902128.0
1089,1,1.0,1,19.4,8.4,0,7884818.0
3712,1,1.0,4,12.0,5.0,1,18713307.0
3732,5,3.9,22,27.8,7.8,1,20677739.0
2635,1,1.0,29,23.2,2.2,1,12087623.0
1162,1,1.5,8,14.0,9.3,0,8663412.0
1130,5,3.2,6,22.7,5.3,3,8508469.0
1568,1,1.0,35,29.3,3.3,1,7749385.0
2563,5,3.5,30,14.4,3.2,3,14017842.0
1122,1,1.7,26,19.6,3.4,2,6224854.0
2149,1,1.3,20,27.6,4.3,2,11064229.0
992,1,1.1,17,8.2,7.5,1,7649598.0
2437,4,3.3,0,26.7,9.5,2,15978863.0
671,4,2.2,7,3.8,7.0,3,6795630.0
3011,3,2.4,36,19.8,5.9,3,16123336.0
788,2,2.7,13,23.7,5.0,3,5763866.0
1262,1,1.2,28,18.8,8.5,0,8489703.0
1193,3,2.5,28,15.4,8.6,2,8703864.0
3426,2,2.0,12,18.9,3.6,1,17152838.0
781,3,2.9,8,5.4,9.6,3,8217182.0
2059,4,2.2,28,7.3,4.6,3,12094950.0
2610,5,3.0,3,8.8,8.2,3,16631799.0
2354,3,2.5,20,18.3,9.7,0,14508425.0
2915,1,1.0,36,13.8,7.3,1,15351058.0
3331,2,2.4,29,8.1,2.5,2,16425527.0
1938,5,3.6,31,26.6,6.3,2,11959947.0
3416,3,1.6,3,11.8,2.1,1,17339760.0
1681,4,2.5,8,13.9,8.1,0,11767434.0
3948,3,1.2,11,12.9,3.5,0,19585565.0
2315,1,1.0,11,6.3,7.3,2,13154431.0
3103,5,3.7,7,22.2,9.2,1,18498993.0
3575,4,2.9,39,14.0,2.6,1,18178488.0
3295,5,4.2,6,1.5,4.5,3,19053236.0
3494,5,4.3,29,29.0,6.8,0,18835083.0
2424,2,1.7,24,24.7,4.8,3,12592913.0
747,2,1.0,25,22.0,2.6,1,4760942.0
2276,2,2.1,8,26.2,1.3,3,11236599.0
1217,5,4.0,12,27.3,4.7,3,8455651.0
3623,3,2.6,24,10.8,6.8,2,19750009.0
1405,3,2.9,12,18.7,6.2,1,8954995.0
1375,5,3.2,28,18.7,2.4,0,8455648.0
1448,4,4.0,1,8.8,5.1,0,10392048.0
2785,5,3.3,2,7.4,4.3,3,16539308.0
2542,5,4.1,29,4.3,3.5,0,14565029.0
3827,1,1.0,25,20.1,7.6,1,19527719.0
2015,2,1.4,1,23.6,3.8,1,10693713.0
1560,4,3.8,36,23.1,5.9,2,9804481.0
767,5,3.6,0,10.2,9.3,3,8510691.0
624,1,1.5,39,7.0,5.9,2,5131539.0
1870,2,1.9,29,14.2,6.6,3,11366695.0
3748,3,2.4,40,16.9,1.7,2,18393702.0
2381,4,3.7,38,27.7,2.6,1,12316942.0
3638,1,1.0,12,26.4,1.9,0,17214144.0
945,4,2.3,31,27.6,7.9,0,6995214.0
917,2,1.4,8,25.7,8.5,1,7081431.0
3434,2,2.0,19,29.0,2.7,0,16608418.0
963,3,2.6,9,14.5,3.0,1,6511382.0
776,3,1.7,19,2.4,3.9,1,6082296.0
1974,4,2.8,35,3.4,6.3,1,11928702.0
3745,2,1.5,17,12.3,6.6,3,19612593.0
2944,5,3.6,3,8.5,7.2,3,18073352.0
937,1,1.0,13,5.9,9.1,2,8085673.0
3447,5,3.5,32,28.6,3.7,0,17245086.0
3468,1,1.0,21,6.7,6.9,1,18467154.0
3323,4,3.4,22,28.8,6.0,2,17678316.0
3669,2,2.2,17,23.1,3.8,2,18362126.0
1415,2,1.7,12,19.6,9.2,1,10206736.0
3931,1,1.0,24,20.6,1.9,1,18532372.0
1690,4,3.2,25,10.6,7.4,1,11512968.0
3327,1,1.0,36,19.7,7.6,2,17657198.0
2570,4,2.6,25,6.4,9.2,0,15545030.0
3251,4,2.7,40,28.2,5.7,2,16601031.0
2735,5,3.5,33,9.8,3.9,0,14802969.0
2785,4,2.6,3,8.4,8.4,2,16978875.0
2695,2,1.9,16,21.6,7.9,3,14705862.0
3249,4,3.4,15,20.0,5.5,2,17738643.0
3113,5,3.0,0,14.1,7.9,1,18288857.0
1057,2,1.8,7,19.3,3.4,3,7022940.0
3409,1,1.1,31,5.6,6.3,2,17875605.0
2423,5,3.9,14,20.5,8.8,1,15132826.0
1698,1,1.1,6,8.8,3.9,0,9773490.0
2348,3,1.8,11,8.9,5.4,0,13603316.0
3888,2,1.2,11,5.7,9.6,0,21202364.0
3516,1,1.2,7,10.6,8.2,0,18913744.0
3435,4,3.6,4,10.6,9.0,2,19742159.0
2173,1,1.0,31,14.2,4.5,2,11086835.0
3266,4,3.3,33,6.5,10.0,3,19172883.0
1909,4,3.6,20,6.6,2.4,2,11258042.0
2933,1,1.1,25,16.7,5.7,3,15062654.0
2775,1,1.4,37,4.7,5.3,2,14480637.0
1449,4,2.8,34,21.0,8.2,1,9501167.0
1506,3,2.4,1,28.4,9.2,2,10683778.0
807,1,1.0,39,13.4,7.6,1,6010929.0
1075,5,2.7,2,27.1,6.6,1,8390591.0
2074,2,2.2,1,3.9,4.8,1,12417590.0
2225,1,1.0,16,2.2,5.6,2,12288232.0
1161,5,3.5,30,21.9,5.6,1,7988012.0
2017,1,1.0,3,23.1,1.2,2,9870173.0
2654,3,1.8,12,25.4,5.5,3,14399176.0
1390,5,3.7,10,2.6,8.7,1,11287745.0
1750,3,2.1,16,23.5,7.4,1,11231885.0
1849,3,2.6,40,11.9,8.2,1,11767024.0
2317,2,2.0,13,9.8,4.5,3,12830621.0
1846,1,1.3,8,6.0,5.8,0,11135601.0
3106,3,2.6,5,29.9,1.3,3,15630576.0
1713,5,4.5,8,2.8,4.4,1,11467983.0
2075,1,1.0,5,25.0,5.3,3,11654716.0
1890,5,3.7,23,19.5,3.3,3,11161406.0
1222,3,3.0,17,22.3,1.3,3,6742012.0
2932,3,3.0,20,21.6,7.2,3,16631801.0
1400,1,1.0,34,25.9,4.9,0,7399740.0
1609,4,3.0,23,6.3,4.7,2,10317081.0
3296,1,1.8,6,1.0,3.2,0,17045637.0
3827,2,2.0,15,18.4,5.8,1,19557729.0
2881,4,3.2,12,11.3,4.9,0,16247533.0
3716,1,1.1,33,4.6,5.3,2,18849137.0
3505,3,2.3,12,6.4,6.2,2,19281112.0
2235,3,2.6,5,10.6,1.1,2,12165785.0
3219,1,1.0,30,3.0,9.2,0,17421854.0
1716,2,1.8,17,2.7,1.6,1,9209929.0
2166,2,1.8,3,27.6,5.1,2,11482514.0
2421,4,2.8,28,10.1,2.9,3,13426186.0
3866,5,4.0,8,29.5,5.7,3,20565447.0
3485,5,4.5,35,29.0,3.5,0,17805642.0
2263,1,1.0,34,5.1,8.7,1,13279747.0
2819,1,1.3,15,21.7,4.6,0,14431588.0
1288,1,1.0,22,18.4,6.7,3,7876996.0
3335,3,2.7,23,21.0,3.2,0,16725210.0
2480,1,1.2,26,3.8,1.2,3,12782570.0
2411,2,2.1,2,6.5,4.6,0,14071579.0
3206,5,4.3,13,3.2,5.8,0,18790831.0
2752,5,3.8,6,18.5,5.1,3,16138873.0
846,5,4.3,28,29.6,9.7,1,7678723.0
1580,2,1.0,2,20.5,7.4,1,10248155.0
1201,4,3.8,21,21.6,10.0,2,9796995.0
3099,4,3.3,29,29.6,3.7,1,15956632.0
719,1,1.6,38,20.7,8.1,2,5506789.0
1288,3,1.9,11,2.2,6.0,1,9138767.0
2631,3,2.1,0,26.1,6.5,1,14872037.0
2963,2,1.9,29,11.6,9.9,1,17046070.0
2311,4,3.1,0,1.1,6.9,0,14849431.0
3527,4,3.2,2,15.7,9.1,1,20273201.0
3725,3,2.9,40,28.2,7.5,2,19054679.0
1049,4,2.3,35,8.5,2.1,0,6784196.0
3839,4,3.5,29,15.3,7.3,0,21309314.0
2689,3,2.5,34,6.0,5.4,2,15019355.0
2763,2,1.7,3,2.7,9.3,1,16407002.0
923,4,2.4,3,3.3,8.3,0,8388701.0
2714,4,3.3,12,22.1,1.9,2,14397779.0
3068,5,2.7,0,26.1,2.2,3,16532779.0
2575,1,1.4,36,5.2,1.6,0,12120277.0
887,3,1.8,2,9.4,5.4,0,6997417.0
2379,5,3.8,22,6.7,1.7,1,13285983.0
3783,3,2.4,34,1.8,7.5,2,20798645.0
3060,5,4.3,30,17.0,6.0,0,17004100.0
1067,1,1.1,9,21.3,8.5,3,7542046.0
3864,1,1.0,19,19.8,3.5,1,18802299.0
3861,4,2.9,22,12.3,5.7,0,20696199.0
1176,2,2.4,31,17.1,2.1,3,6650852.0
3323,3,2.7,17,3.7,9.0,0,19266310.0
1983,3,2.3,11,5.5,2.6,0,11065377.0
2619,3,2.3,32,28.0,1.9,3,12645057.0
2114,5,3.0,36,23.1,2.8,2,11639106.0
3261,1,1.3,20,27.8,8.3,1,17243374.0
3989,4,2.3,1,27.6,2.0,2,19960092.0
3304,5,4.1,20,19.8,6.5,2,18965529.0
3767,4,3.2,36,27.9,7.7,2,19729289.0
3817,2,2.9,40,13.1,7.8,0,19924993.0
906,1,1.0,16,1.1,2.7,2,5945983.0
1461,4,3.1,6,2.8,1.6,1,9068422.0
3055,3,3.3,23,4.2,5.0,3,17225284.0
2606,1,1.7,34,3.8,2.8,2,13224150.0
770,2,1.5,38,11.2,7.3,0,5713867.0
923,5,3.9,2,21.3,4.2,3,7585443.0
2370,2,1.8,11,23.9,5.0,1,12829085.0
2695,1,1.3,19,18.1,2.0,1,13304671.0
1170,4,2.8,4,5.2,6.1,3,9413285.0
1182,1,1.1,36,22.7,2.7,3,6182787.0
1039,5,3.0,4,11.3,7.1,3,9122073.0
2521,5,3.8,27,1.4,1.6,2,13964444.0
626,5,4.0,37,9.1,9.8,3,7415445.0
2546,5,3.6,28,10.6,7.2,0,15302210.0
2218,2,1.1,31,9.0,2.6,2,11295719.0
2184,2,2.2,10,24.5,1.1,1,11302956.0
2910,2,2.0,33,23.0,4.0,1,14849546.0
2377,3,2.1,17,21.2,2.4,0,12323710.0
3075,5,3.6,2,5.0,3.0,0,17213117.0
3198,4,2.4,15,24.4,8.9,1,18065010.0
3729,4,2.6,14,20.6,6.4,3,19796219.0
3318,5,3.5,21,6.7,2.6,2,17715457.0
2360,4,3.7,10,19.8,6.0,1,14067350.0
2273,2,1.5,18,15.0,3.3,1,11979864.0
1401,3,2.7,17,13.7,9.8,2,10703384.0
2639,3,2.2,13,4.3,1.3,0,13949333.0
1073,1,1.3,28,16.0,7.6,2,7244461.0
3767,4,3.0,12,3.9,8.0,2,21230231.0
3473,4,3.5,31,5.8,1.6,0,17981214.0
1007,4,2.9,10,4.8,2.5,2,7511245.0
3273,3,1.7,35,28.7,4.5,2,16151307.0
998,4,2.5,14,9.3,8.8,2,8795697.0
3052,5,3.5,1,11.3,5.8,1,17695822.0
898,3,1.9,6,10.3,6.9,2,7621394.0
2260,3,2.6,33,27.0,8.0,3,13277171.0
2837,1,1.0,35,17.3,8.5,0,15804748.0
3078,4,4.2,8,27.7,5.3,2,17092939.0
2023,5,3.0,24,9.7,5.6,2,12711650.0
3734,4,3.2,23,4.3,7.5,1,20384881.0
3233,5,3.2,5,17.1,3.4,1,17328775.0
1308,5,3.5,18,11.0,8.7,3,10867204.0
2882,4,3.2,28,24.3,1.2,1,14373079.0
3084,3,1.4,39,26.5,2.8,2,13705221.0
1734,1,1.3,34,14.7,8.2,0,10474006.0
3110,1,2.0,4,29.2,4.1,3,16344541.0
3655,2,1.6,9,17.0,2.3,2,17585523.0
3379,3,2.6,17,8.9,2.7,3,17969847.0
3193,4,3.6,6,15.2,5.8,2,17351511.0
2757,3,2.4,23,2.1,8.6,1,16671500.0
1520,1,1.0,0,24.3,1.6,1,7787338.0
3304,2,1.0,4,3.9,1.3,2,16036007.0
1838,5,4.0,1,10.0,5.2,3,12540534.0
2410,5,3.7,12,17.4,9.6,0,15764710.0
1669,2,1.3,31,2.2,3.5,3,9647472.0
1664,5,3.8,7,3.3,9.6,3,13164707.0
1136,4,2.8,40,21.2,9.0,0,8307081.0
3869,5,3.5,11,3.1,3.5,0,20219653.0
1102,5,4.0,1,14.8,8.4,2,9991966.0
893,4,2.5,13,10.8,7.2,3,8366938.0
3783,2,2.3,30,7.6,5.6,1,19884895.0
2487,4,2.5,4,6.5,4.8,2,14144031.0
2089,2,1.5,2,23.1,8.3,3,12464276.0
3108,2,2.7,34,28.6,8.1,1,16380508.0
1903,4,3.6,24,5.1,7.8,0,12218756.0
1035,3,2.5,14,28.8,10.0,3,8587547.0
3081,3,2.0,30,18.2,5.3,1,16185854.0
1198,2,1.6,34,19.6,8.3,1,7739437.0
2480,3,2.5,14,21.6,8.8,1,14985282.0
3827,1,1.2,23,21.4,2.9,2,18446776.0
3783,4,3.1,0,24.8,1.4,1,18823460.0
1827,3,2.4,12,15.0,4.6,2,10889370.0
3253,5,3.7,24,16.5,8.7,2,18460550.0
2683,3,1.8,8,10.4,3.6,0,14320434.0
2230,3,2.2,40,4.1,7.3,1,13183346.0
1075,1,1.6,39,20.3,1.1,0,5021187.0
1879,1,1.0,10,2.0,4.2,0,10750219.0
2817,2,1.7,16,9.0,6.5,3,15875560.0
3955,2,1.4,7,3.7,2.2,2,19797914.0
616,2,1.9,20,6.5,9.1,2,6721049.0
3041,2,1.6,5,19.5,2.4,3,15692508.0
3478,4,3.8,16,19.2,9.2,2,20013125.0
3835,1,1.4,22,13.2,2.9,3,18860899.0
2041,2,1.2,25,3.6,9.9,2,13071957.0
1002,1,1.5,24,13.6,6.4,1,6708310.0
1521,2,1.5,9,11.2,1.8,2,8640220.0
3492,4,2.8,32,21.9,1.6,1,16894694.0
3585,1,1.3,28,17.8,1.7,3,17075037.0
2766,2,1.6,30,15.3,6.3,0,14708564.0
1017,1,1.6,19,15.1,8.3,3,7694016.0
1014,5,3.4,36,29.0,4.6,3,6873964.0
2226,4,2.8,15,22.9,5.0,0,12478470.0
2600,2,1.5,33,15.4,6.3,2,13628550.0
710,1,1.0,8,14.9,5.8,3,5833224.0
2933,1,1.6,10,1.8,7.2,2,16693387.0
2451,3,2.7,21,28.3,5.2,1,13454418.0
641,4,3.9,22,10.3,7.4,3,6892136.0
925,3,3.5,30,8.4,10.0,2,9077346.0
2145,5,3.3,12,30.0,4.2,0,12028566.0
3057,2,1.8,35,21.8,1.1,0,13944723.0
3407,2,1.3,13,2.4,2.1,2,17008079.0
2066,3,2.1,21,2.8,6.0,1,12058519.0
1604,2,1.5,38,1.7,4.1,0,9470657.0
3893,5,3.3,22,18.4,9.5,3,22378267.0
2159,1,1.0,27,3.1,6.6,0,12373186.0
1672,3,2.4,37,28.1,5.7,0,9152478.0
2104,3,1.9,39,28.2,8.2,1,12440817.0
641,1,1.5,20,16.8,3.3,0,4113570.0
1626,3,2.0,17,18.9,8.4,1,10664244.0
2353,3,3.7,8,9.5,1.0,3,13274315.0
3723,2,1.6,22,2.9,6.6,3,20142728.0
3110,1,1.2,37,22.4,9.4,3,17317276.0
3257,1,1.0,19,4.0,8.1,1,17910681.0
2453,1,1.9,14,3.5,8.7,0,14573742.0
976,3,3.0,4,10.0,4.6,3,7541049.0
1929,1,1.3,15,1.4,8.4,1,11754751.0
3990,5,3.1,9,13.6,6.0,2,21666351.0
750,2,1.9,40,21.5,6.6,0,5643648.0
3590,4,2.6,21,24.2,1.5,2,17795709.0
2927,4,3.8,5,18.5,2.8,2,15909077.0
1565,3,2.8,2,25.6,6.0,3,9963766.0
3245,5,3.8,34,12.8,1.5,0,16563218.0
3446,1,1.0,38,25.6,7.7,1,17658203.0
746,2,1.4,31,15.7,8.6,3,6593180.0
961,2,2.1,5,7.5,9.3,1,8558684.0
2864,1,1.7,4,28.4,1.9,2,13761761.0
3997,2,2.3,8,9.0,9.5,0,22297295.0
681,2,1.1,30,1.8,1.6,2,3653524.0
2863,4,3.2,31,8.0,5.3,1,16017211.0
1064,2,2.3,34,11.6,8.6,2,8771580.0
2811,5,3.0,3,11.2,1.6,3,15014407.0
2719,4,3.1,6,16.2,1.2,2,14311158.0
907,5,3.9,36,26.6,1.2,1,5481522.0
2915,1,1.0,38,9.5,5.6,0,14743354.0
3650,5,2.9,29,16.1,8.3,1,20487594.0
3536,4,3.0,4,10.9,2.1,3,18730613.0
698,5,3.6,2,24.8,2.1,0,5497075.0
1436,2,1.7,2,5.6,6.1,2,10016318.0
1419,5,3.5,28,4.0,3.1,1,9228688.0
2141,3,2.3,34,15.6,7.6,1,13420466.0
1086,1,1.1,25,20.5,9.5,2,7942337.0
3505,3,2.6,10,24.1,7.9,1,19207821.0
3241,1,1.0,31,18.1,8.9,1,16831383.0
3349,5,3.6,2,23.4,5.7,2,18561637.0
1274,2,1.8,33,12.4,8.5,3,9289844.0
649,2,1.0,36,2.0,2.6,3,4184636.0
3697,3,2.7,29,4.4,1.6,2,17980111.0
1582,3,2.4,36,2.1,6.9,2,10451579.0
2831,1,1.2,24,10.5,1.5,3,14186686.0
3692,5,4.2,19,15.4,9.0,1,21207595.0
722,5,2.9,13,11.3,7.2,1,7158469.0
618,4,2.2,37,17.3,9.6,1,5936878.0
618,4,3.2,28,14.9,3.8,2,5396564.0
1131,3,2.4,7,20.7,5.4,2,8116319.0
775,3,2.5,39,20.3,7.7,0,5748567.0
3388,3,2.2,2,10.2,3.2,3,18248633.0
2660,1,1.4,24,11.0,5.9,1,14438424.0
3933,1,1.6,7,18.0,6.9,3,20917579.0
3325,2,2.0,27,18.3,9.8,2,18653881.0
3875,3,2.3,16,10.1,7.7,3,21390421.0
1411,1,1.0,17,10.6,2.1,2,7774680.0
1578,1,1.5,27,21.1,5.3,2,9110618.0
3488,5,4.3,31,19.8,6.3,0,18531311.0
1432,2,2.1,15,4.9,2.3,1,8032235.0
794,3,2.1,40,13.8,4.9,3,5630998.0
2875,3,2.8,20,26.9,3.6,1,14733545.0
3324,4,3.5,6,2.1,2.1,0,17874534.0
3892,4,3.8,0,25.8,5.6,0,20842170.0
3755,2,1.4,8,5.7,2.5,2,19241276.0
1008,5,3.6,28,15.7,6.3,2,8327624.0
3225,2,2.1,22,13.3,2.5,3,16049904.0
3477,5,3.8,13,1.3,7.5,3,20544644.0
2974,3,1.9,19,27.5,2.8,2,14625542.0
3388,1,1.3,34,14.2,9.1,2,18168938.0
3449,4,3.4,23,28.7,1.2,3,17090448.0
2118,1,1.2,2,9.3,5.7,0,11299322.0
736,4,3.2,2,26.1,3.9,2,6627311.0
2151,1,1.0,19,27.7,3.0,1,10653602.0
1286,2,2.5,16,17.1,5.2,3,8302574.0
986,4,2.7,34,6.9,8.6,3,8974342.0
1024,5,3.5,23,20.9,9.2,2,8798642.0
2971,3,2.5,31,16.9,3.7,2,15384130.0
2315,1,1.5,23,28.4,2.4,2,11050721.0
2435,2,1.1,14,13.7,7.5,2,14447998.0
3134,5,3.2,26,8.8,6.2,0,17556754.0
2464,4,2.2,25,5.0,2.8,1,13400371.0
2742,1,1.2,29,21.3,7.8,2,15056446.0
892,2,1.3,7,29.2,5.7,2,6359285.0
3494,2,1.6,26,1.8,6.9,0,18704413.0
2126,1,1.4,11,22.5,4.2,3,11675098.0
1127,5,3.5,32,27.9,5.0,3,8370621.0
3366,4,3.2,32,3.2,2.6,2,17690353.0
3098,1,1.0,25,4.2,7.8,0,16843190.0
780,4,3.4,38,21.1,2.4,3,5338157.0
1256,3,2.7,22,19.8,8.0,0,9217607.0
653,1,1.0,1,3.0,8.2,1,6441701.0
1520,3,2.4,24,25.2,7.7,3,9880421.0
940,1,1.6,31,16.2,1.2,2,4516639.0
3014,2,2.0,4,27.3,3.5,0,14933533.0
2377,5,3.1,4,26.5,5.2,0,13586550.0
3933,4,3.4,11,24.6,6.4,1,20961516.0
3148,1,1.0,34,16.0,9.3,2,17500271.0
2679,5,4.4,21,8.3,4.4,2,15736998.0
2332,3,2.9,40,15.7,8.9,0,13571480.0
785,5,3.9,35,3.9,2.5,0,5869005.0
838,4,3.2,22,20.1,4.3,2,6717187.0
2696,2,1.7,27,4.9,1.5,0,13683153.0
614,3,2.8,13,15.8,7.7,0,6281037.0
744,3,2.3,3,2.6,2.4,1,5805368.0
1345,4,3.2,16,9.7,3.3,2,9132233.0
3606,2,2.2,24,7.7,8.0,0,19291168.0
2160,2,1.5,7,19.0,5.8,0,12274008.0
3013,2,1.5,9,23.8,1.1,0,14960665.0
1999,2,1.3,0,2.7,1.0,1,10827339.0
1188,1,1.0,30,25.7,5.6,0,6502598.0
1862,1,1.0,36,26.0,3.7,0,9119592.0
911,5,4.1,33,10.9,2.6,1,6469498.0
3219,1,2.0,15,20.1,6.5,0,16533471.0
1224,5,4.4,24,12.7,3.1,1,8530759.0
1880,1,1.0,39,5.5,6.3,2,10988959.0
3933,4,3.4,24,16.3,4.4,0,20212273.0
2613,2,2.4,12,3.5,2.7,2,14027691.0
2159,3,2.2,13,26.5,2.2,2,10991609.0
2446,2,1.8,29,27.8,3.1,2,12078516.0
3266,3,1.5,18,24.8,1.3,2,15577408.0
1465,3,2.6,34,17.3,3.8,3,8386242.0
2764,3,2.0,35,17.2,9.1,0,16109042.0
3568,2,1.9,1,29.6,8.5,0,19299623.0
2546,3,1.7,29,8.2,4.3,1,13820099.0
2118,5,4.0,15,3.2,6.2,2,14049850.0
1093,3,2.9,21,17.3,6.1,3,8208759.0
1444,2,1.4,10,10.5,8.5,3,10137223.0
3817,1,1.0,15,10.3,3.1,2,18894138.0
2440,2,1.0,13,1.2,3.7,1,13194742.0
1624,1,1.0,2,18.3,3.7,1,9163116.0
2022,1,1.0,32,8.7,1.4,0,9825923.0
2565,5,3.1,5,6.4,3.8,1,14817835.0
2428,1,1.4,15,2.2,8.9,2,14366675.0
2979,3,2.2,7,11.6,9.2,0,17532059.0
1475,5,3.3,6,26.5,2.0,3,8921933.0
2808,5,3.5,15,10.8,5.1,3,15830407.0
2105,1,1.6,37,20.7,4.4,1,10850915.0
3798,1,1.4,38,22.9,5.4,3,18914836.0
1137,2,1.7,15,10.5,6.0,0,8436089.0
1104,3,2.7,20,24.8,1.2,3,6207201.0
2170,5,3.2,40,21.1,8.6,3,13361822.0
2328,2,1.8,9,17.2,9.8,0,13948645.0
2949,1,1.2,38,1.0,6.9,2,15981660.0
1974,2,1.6,4,2.0,6.9,1,12495580.0
3707,5,3.9,9,29.7,5.8,3,19926176.0
2212,1,1.0,13,23.7,4.0,0,11224768.0
1039,2,2.0,1,28.2,2.3,0,5521834.0
1005,1,1.4,33,27.2,6.3,1,6386094.0
3910,1,1.0,35,1.6,1.4,0,18226330.0
1056,5,4.3,15,24.0,8.4,1,8958336.0
3823,1,1.0,34,14.1,4.8,2,18455327.0
1545,2,1.5,31,23.9,4.7,2,8413412.0
917,5,4.2,32,1.2,3.9,2,7410602.0
1636,4,3.0,32,9.4,9.7,0,11506177.0
2690,1,1.0,23,22.8,2.6,0,12930933.0
2055,3,2.0,4,24.0,2.4,3,11509269.0
3271,5,4.2,37,19.0,2.5,1,17013678.0
2677,3,1.6,24,9.7,6.9,0,15229541.0
1963,3,3.0,36,10.0,9.9,1,13203026.0
2758,3,2.4,39,29.0,3.1,0,13550427.0
3903,4,2.6,7,13.7,9.2,1,21940823.0
2000,1,1.0,16,14.0,3.5,3,10960278.0
1121,5,3.3,7,17.0,6.8,1,9218752.0
1990,5,4.1,2,12.9,1.4,2,11946641.0
3457,1,1.5,39,17.0,5.5,1,16834843.0
1340,5,3.0,37,13.5,6.9,1,9143135.0
3828,5,3.6,38,25.0,5.8,2,19966286.0
2600,4,2.7,36,27.4,3.1,2,13448905.0
2645,2,2.4,26,28.0,8.5,1,14745163.0
1678,3,1.8,21,17.4,9.7,0,11464217.0
3730,5,4.5,40,13.8,5.1,3,20375809.0
722,1,1.1,22,21.5,6.7,0,5577293.0
1615,5,3.2,26,25.3,8.1,3,11311385.0
2022,5,3.4,8,17.3,3.2,1,11658252.0
2223,4,2.7,30,21.3,8.8,3,13823659.0
2212,2,1.2,33,22.7,3.5,1,10881618.0
1103,3,2.5,27,20.6,8.0,2,7781233.0
1367,1,1.0,20,22.6,2.0,2,6858632.0
923,5,2.8,8,7.1,3.6,1,7630184.0
2546,2,1.6,1,15.5,5.8,0,14307686.0
1793,1,1.0,25,18.1,5.7,2,10509452.0
2524,4,2.8,28,1.1,8.7,2,15757808.0
2605,4,2.7,31,25.8,10.0,1,16034451.0
2987,4,2.7,38,18.7,2.0,3,15060380.0
2460,1,2.1,20,4.7,3.4,2,13176120.0
2803,4,3.1,33,24.7,4.2,0,14258152.0
2596,4,3.2,29,21.8,5.3,3,14738641.0
2818,4,2.3,11,23.0,5.4,0,15223469.0
2697,5,3.5,34,12.4,8.7,2,16157738.0
1675,2,1.9,2,25.8,7.9,1,11005808.0
1437,2,1.3,24,13.0,1.2,2,7798056.0
3278,5,4.2,38,17.5,5.1,3,18135513.0
1765,3,1.9,27,1.0,6.6,2,11197952.0
2467,3,2.3,38,19.7,5.1,2,13188256.0
1269,2,1.5,2,21.8,2.2,3,7353536.0
2067,4,3.2,21,17.4,4.6,2,12306130.0
2401,4,2.8,32,15.4,4.7,3,13849891.0
2729,1,1.0,26,24.5,2.7,1,13073037.0
2390,3,2.3,36,20.8,7.8,0,13983723.0
1826,5,3.4,18,9.1,3.9,0,11446799.0
3870,2,2.0,27,28.8,6.3,2,19484300.0
2343,2,1.9,17,21.5,5.6,2,13119178.0
